{"stats":{"minecraft:picked_up":{"minecraft:iron_chestplate":2,"minecraft:crafting_table":14,"minecraft:wheat":10,"minecraft:chicken":9,"minecraft:flower_pot":1,"minecraft:diamond_sword":3,"minecraft:gold_block":2,"minecraft:potion":2,"minecraft:amethyst_block":12,"minecraft:string":24,"minecraft:iron_leggings":2,"minecraft:experience_bottle":2,"minecraft:spruce_planks":39,"minecraft:beef":92,"minecraft:poppy":2,"minecraft:melon_slice":508,"minecraft:sugar_cane":42,"minecraft:iron_boots":2,"minecraft:furnace":1,"minecraft:raw_iron":140,"minecraft:stick":29,"minecraft:oak_door":2,"minecraft:torch":168,"minecraft:porkchop":60,"minecraft:stone_sword":4,"minecraft:arrow":295,"minecraft:rotten_flesh":11,"minecraft:hay_block":41,"minecraft:totem_of_undying":1,"minecraft:gold_ingot":69,"minecraft:netherite_chestplate":2,"minecraft:cod":2,"minecraft:cobblestone":283,"minecraft:oxeye_daisy":1,"minecraft:netherite_boots":2,"minecraft:magma_block":3,"minecraft:feather":29,"minecraft:water_bucket":3,"minecraft:salmon":4,"minecraft:leather":32,"minecraft:potato":13,"minecraft:flint":8,"minecraft:oak_log":723,"minecraft:yellow_bed":11,"minecraft:netherite_leggings":2,"minecraft:dirt":10,"minecraft:paper":126,"minecraft:name_tag":1,"minecraft:bone":9,"minecraft:apple":12,"minecraft:bow":4,"minecraft:wheat_seeds":2,"minecraft:stone_pickaxe":3,"minecraft:iron_ingot":70,"minecraft:oak_planks":64,"minecraft:book":759,"minecraft:cooked_porkchop":12,"minecraft:amethyst_shard":4,"minecraft:spruce_sapling":2,"minecraft:spruce_log":7,"minecraft:diamond":4,"minecraft:netherite_helmet":2,"minecraft:stone_axe":3,"minecraft:iron_helmet":2,"minecraft:diamond_axe":3,"minecraft:golden_apple":3,"minecraft:bread":216,"minecraft:emerald":35,"minecraft:oak_sapling":1,"minecraft:netherrack":123,"minecraft:coal":278,"minecraft:diamond_pickaxe":3},"minecraft:killed_by":{"minecraft:player":4,"minecraft:spider":1,"minecraft:vindicator":1},"minecraft:killed":{"minecraft:vindicator":3,"minecraft:spider":3,"minecraft:skeleton":4,"minecraft:chicken":5,"minecraft:drowned":1,"minecraft:pig":9,"minecraft:iron_golem":1,"minecraft:polar_bear":2,"minecraft:sheep":2,"minecraft:zombie":7,"minecraft:cow":10},"minecraft:mined":{"minecraft:grass_block":10,"minecraft:hay_block":41,"minecraft:magma_block":3,"minecraft:furnace":1,"minecraft:fire":1,"minecraft:iron_ore":43,"minecraft:gold_block":2,"minecraft:bookshelf":126,"minecraft:vine":2,"minecraft:stone":51,"minecraft:glass_pane":6,"minecraft:medium_amethyst_bud":2,"minecraft:amethyst_cluster":1,"minecraft:powder_snow":2,"minecraft:crafting_table":11,"minecraft:calcite":7,"minecraft:melon":27,"minecraft:potted_oxeye_daisy":1,"minecraft:tall_grass":2,"minecraft:cobblestone":1,"minecraft:oak_planks":1,"minecraft:sugar_cane":6,"minecraft:wall_torch":2,"minecraft:amethyst_block":11,"minecraft:ice":1,"minecraft:spruce_log":7,"minecraft:birch_leaves":2,"minecraft:yellow_bed":11,"minecraft:grass":16,"minecraft:coal_ore":36,"minecraft:oak_log":189,"minecraft:dirt":5,"minecraft:sand":4,"minecraft:smooth_basalt":6,"minecraft:netherrack":105,"minecraft:oak_leaves":26,"minecraft:fern":1},"minecraft:broken":{"minecraft:stone_axe":1,"minecraft:golden_pickaxe":1},"minecraft:dropped":{"minecraft:bread":2,"minecraft:iron_sword":1,"minecraft:wheat_seeds":2,"minecraft:iron_helmet":1,"minecraft:feather":22,"minecraft:cobblestone":51,"minecraft:amethyst_block":12,"minecraft:stick":9,"minecraft:oxeye_daisy":1,"minecraft:dirt":2,"minecraft:torch":12,"minecraft:potion":1,"minecraft:iron_leggings":1,"minecraft:iron_pickaxe":1,"minecraft:bone":1,"minecraft:oak_door":3,"minecraft:sugar_cane":14,"minecraft:iron_nugget":7,"minecraft:stone_sword":2,"minecraft:wheat":2,"minecraft:rotten_flesh":1,"minecraft:iron_boots":1,"minecraft:filled_map":1,"minecraft:poppy":2,"minecraft:potato":26,"minecraft:spruce_planks":13,"minecraft:iron_chestplate":1,"minecraft:oak_sapling":1,"minecraft:stone_pickaxe":1,"minecraft:wooden_pickaxe":1,"minecraft:magma_block":3,"minecraft:netherrack":7},"minecraft:custom":{"minecraft:mob_kills":49,"minecraft:interact_with_anvil":1,"minecraft:interact_with_crafting_table":23,"minecraft:leave_game":1,"minecraft:time_since_death":3430,"minecraft:climb_one_cm":2918,"minecraft:sprint_one_cm":687346,"minecraft:walk_one_cm":225391,"minecraft:drop":43,"minecraft:talked_to_villager":13,"minecraft:play_time":198782,"minecraft:deaths":8,"minecraft:sneak_time":11245,"minecraft:walk_under_water_one_cm":34850,"minecraft:boat_one_cm":196470,"minecraft:jump":4356,"minecraft:walk_on_water_one_cm":30690,"minecraft:total_world_time":198782,"minecraft:interact_with_furnace":4,"minecraft:traded_with_villager":6,"minecraft:sleep_in_bed":6,"minecraft:time_since_rest":3433,"minecraft:damage_absorbed":40,"minecraft:damage_taken":5698,"minecraft:damage_dealt":8623,"minecraft:swim_one_cm":145939,"minecraft:player_kills":1,"minecraft:fly_one_cm":1026119,"minecraft:open_chest":94,"minecraft:crouch_one_cm":8876,"minecraft:fall_one_cm":102821},"minecraft:used":{"minecraft:stone_sword":122,"minecraft:iron_sword":1,"minecraft:rotten_flesh":7,"minecraft:netherrack":104,"minecraft:oak_door":3,"minecraft:torch":108,"minecraft:dirt":8,"minecraft:lava_bucket":25,"minecraft:iron_axe":133,"minecraft:iron_helmet":1,"minecraft:totem_of_undying":1,"minecraft:netherite_boots":1,"minecraft:bow":16,"minecraft:hay_block":7,"minecraft:furnace":1,"minecraft:netherite_chestplate":1,"minecraft:stone_pickaxe":79,"minecraft:wooden_pickaxe":22,"minecraft:diamond_axe":174,"minecraft:netherite_leggings":1,"minecraft:crafting_table":12,"minecraft:netherite_helmet":2,"minecraft:cod":1,"minecraft:flower_pot":1,"minecraft:diamond_pickaxe":9,"minecraft:bread":57,"minecraft:iron_pickaxe":131,"minecraft:spruce_sapling":2,"minecraft:stone_axe":133,"minecraft:diamond_sword":52,"minecraft:fire_charge":1,"minecraft:cobblestone":12,"minecraft:cooked_porkchop":9,"minecraft:bucket":26,"minecraft:yellow_bed":7,"minecraft:oak_boat":2,"minecraft:golden_pickaxe":38,"minecraft:experience_bottle":1},"minecraft:crafted":{"minecraft:oak_door":6,"minecraft:oak_planks":60,"minecraft:furnace":1,"minecraft:iron_axe":1,"minecraft:stone_pickaxe":1,"minecraft:wheat":306,"minecraft:diamond_sword":1,"minecraft:arrow":96,"minecraft:crafting_table":1,"minecraft:spruce_planks":28,"minecraft:wooden_pickaxe":1,"minecraft:iron_sword":1,"minecraft:bucket":1,"minecraft:stone_axe":1,"minecraft:bread":103,"minecraft:air":0,"minecraft:oak_boat":2,"minecraft:golden_apple":4,"minecraft:diamond_pickaxe":1,"minecraft:stick":20,"minecraft:iron_ingot":12,"minecraft:iron_pickaxe":1,"minecraft:stone_sword":1,"minecraft:gold_ingot":27,"minecraft:torch":28}},"DataVersion":3465}