{"stats":{"minecraft:picked_up":{"minecraft:crafting_table":3,"minecraft:brown_mushroom":11,"minecraft:smithing_table":2,"minecraft:brewing_stand":1,"minecraft:amethyst_block":10,"minecraft:string":1,"minecraft:cartography_table":1,"minecraft:beef":4,"minecraft:oak_boat":2,"minecraft:cobblestone_slab":3,"minecraft:calcite":2,"minecraft:poppy":20,"minecraft:light_gray_wool":1,"minecraft:minecart":9,"minecraft:sugar_cane":6,"minecraft:chest":1,"minecraft:egg":1,"minecraft:furnace":3,"minecraft:stick":31,"minecraft:raw_iron":2,"minecraft:composter":3,"minecraft:oak_fence":13,"minecraft:torch":6,"minecraft:carrot":2,"minecraft:rotten_flesh":7,"minecraft:birch_log":17,"minecraft:mutton":18,"minecraft:white_wool":10,"minecraft:snowball":21,"minecraft:rail":27,"minecraft:cobblestone":219,"minecraft:stripped_oak_log":16,"minecraft:brown_wool":1,"minecraft:leather":1,"minecraft:red_mushroom":11,"minecraft:potato":28,"minecraft:flint":4,"minecraft:oak_log":414,"minecraft:yellow_bed":10,"minecraft:gunpowder":1,"minecraft:dirt":71,"minecraft:blue_bed":2,"minecraft:apple":9,"minecraft:wheat_seeds":5,"minecraft:bell":1,"minecraft:grindstone":1,"minecraft:iron_ingot":73,"minecraft:oak_fence_gate":2,"minecraft:stripped_oak_wood":1,"minecraft:oak_planks":50,"minecraft:smooth_basalt":2,"minecraft:dandelion":2,"minecraft:gravel":30,"minecraft:sand":181,"minecraft:amethyst_shard":42,"minecraft:spruce_sapling":1,"minecraft:spruce_log":6,"minecraft:white_bed":22,"minecraft:spider_eye":2,"minecraft:bread":3,"minecraft:oak_sapling":41,"minecraft:black_wool":1,"minecraft:coal":28},"minecraft:killed":{"minecraft:spider":3,"minecraft:skeleton":2,"minecraft:zombie_villager":1,"minecraft:iron_golem":19,"minecraft:creeper":1,"minecraft:sheep":9,"minecraft:pillager":1,"minecraft:zombie":5,"minecraft:cow":2},"minecraft:mined":{"minecraft:white_bed":22,"minecraft:brewing_stand":1,"minecraft:budding_amethyst":1,"minecraft:grass_block":28,"minecraft:spruce_leaves":4,"minecraft:red_mushroom":11,"minecraft:composter":3,"minecraft:cartography_table":1,"minecraft:carrots":2,"minecraft:furnace":3,"minecraft:iron_ore":2,"minecraft:fire":2,"minecraft:snow":21,"minecraft:bell":1,"minecraft:potatoes":14,"minecraft:dirt_path":7,"minecraft:cobblestone_slab":3,"minecraft:rail":18,"minecraft:stripped_oak_log":16,"minecraft:stone":110,"minecraft:podzol":3,"minecraft:smithing_table":2,"minecraft:brown_mushroom":11,"minecraft:amethyst_cluster":10,"minecraft:oak_fence":13,"minecraft:crafting_table":3,"minecraft:calcite":2,"minecraft:chest":1,"minecraft:tall_grass":2,"minecraft:glass":5,"minecraft:cobblestone":114,"minecraft:grindstone":1,"minecraft:sugar_cane":2,"minecraft:oak_planks":54,"minecraft:blue_bed":2,"minecraft:amethyst_block":10,"minecraft:birch_log":17,"minecraft:wheat":3,"minecraft:spruce_log":6,"minecraft:birch_leaves":1,"minecraft:stripped_oak_wood":1,"minecraft:yellow_bed":10,"minecraft:grass":10,"minecraft:oak_log":415,"minecraft:coal_ore":16,"minecraft:oak_fence_gate":2,"minecraft:gravel":34,"minecraft:sand":181,"minecraft:dirt":45,"minecraft:smooth_basalt":2,"minecraft:oak_leaves":36,"minecraft:fern":2},"minecraft:broken":{"minecraft:stone_pickaxe":2,"minecraft:iron_axe":2,"minecraft:stone_axe":1,"minecraft:stone_shovel":1},"minecraft:dropped":{"minecraft:wheat_seeds":4,"minecraft:black_wool":1},"minecraft:custom":{"minecraft:mob_kills":43,"minecraft:interact_with_crafting_table":32,"minecraft:bell_ring":4,"minecraft:leave_game":1,"minecraft:time_since_death":169695,"minecraft:sprint_one_cm":672621,"minecraft:walk_one_cm":339221,"minecraft:drop":2,"minecraft:talked_to_villager":26,"minecraft:play_time":169695,"minecraft:sneak_time":14807,"minecraft:walk_under_water_one_cm":24906,"minecraft:boat_one_cm":23805,"minecraft:jump":3502,"minecraft:walk_on_water_one_cm":45868,"minecraft:total_world_time":169695,"minecraft:interact_with_furnace":64,"minecraft:traded_with_villager":164,"minecraft:sleep_in_bed":11,"minecraft:time_since_rest":12396,"minecraft:damage_taken":1510,"minecraft:damage_dealt":21648,"minecraft:fly_one_cm":688005,"minecraft:swim_one_cm":78148,"minecraft:open_chest":117,"minecraft:crouch_one_cm":49703,"minecraft:fall_one_cm":60059},"minecraft:crafted":{"minecraft:oak_planks":1688,"minecraft:cobblestone_slab":30,"minecraft:stone_shovel":1,"minecraft:oak_sign":9,"minecraft:furnace":2,"minecraft:cooked_mutton":18,"minecraft:glass":152,"minecraft:hopper":1,"minecraft:iron_boots":1,"minecraft:iron_axe":3,"minecraft:spruce_slab":6,"minecraft:stone_pickaxe":32,"minecraft:chest":8,"minecraft:rail":32,"minecraft:minecart":2,"minecraft:cooked_beef":4,"minecraft:emerald":82,"minecraft:crafting_table":3,"minecraft:spruce_planks":24,"minecraft:baked_potato":6,"minecraft:wooden_pickaxe":1,"minecraft:iron_sword":1,"minecraft:birch_planks":68,"minecraft:fletching_table":2,"minecraft:bucket":2,"minecraft:stone_axe":52,"minecraft:air":0,"minecraft:oak_boat":1,"minecraft:iron_chestplate":1,"minecraft:stick":2424,"minecraft:iron_ingot":2,"minecraft:wooden_axe":1,"minecraft:stone_sword":1,"minecraft:iron_shovel":1,"minecraft:white_bed":1},"minecraft:used":{"minecraft:oak_fence":1,"minecraft:stone_sword":65,"minecraft:iron_shovel":178,"minecraft:stone_shovel":131,"minecraft:spruce_slab":1,"minecraft:oak_sign":7,"minecraft:chest":8,"minecraft:iron_sword":73,"minecraft:bell":1,"minecraft:rotten_flesh":1,"minecraft:torch":2,"minecraft:dirt":69,"minecraft:hopper":1,"minecraft:carrot":2,"minecraft:snowball":16,"minecraft:glass":142,"minecraft:wooden_axe":1,"minecraft:lava_bucket":1,"minecraft:iron_axe":543,"minecraft:light_gray_wool":1,"minecraft:furnace":5,"minecraft:oak_sapling":23,"minecraft:minecart":10,"minecraft:cooked_beef":4,"minecraft:potato":1,"minecraft:cooked_mutton":18,"minecraft:water_bucket":16,"minecraft:amethyst_block":5,"minecraft:stone_pickaxe":292,"minecraft:baked_potato":4,"minecraft:oak_planks":429,"minecraft:wooden_pickaxe":3,"minecraft:fletching_table":2,"minecraft:blue_bed":2,"minecraft:cobblestone_slab":31,"minecraft:sand":1,"minecraft:rail":32,"minecraft:crafting_table":6,"minecraft:white_bed":22,"minecraft:oak_log":9,"minecraft:bread":12,"minecraft:brown_wool":1,"minecraft:spruce_sapling":1,"minecraft:gravel":30,"minecraft:stone_axe":166,"minecraft:cobblestone":140,"minecraft:smithing_table":1,"minecraft:bucket":19,"minecraft:yellow_bed":9,"minecraft:oak_boat":3}},"DataVersion":3465}