{"stats":{"minecraft:picked_up":{"minecraft:crafting_table":7,"minecraft:black_carpet":1,"minecraft:wooden_pickaxe":1,"minecraft:lapis_block":1,"minecraft:raw_copper":13,"minecraft:white_carpet":6,"minecraft:blackstone":5,"minecraft:cobbled_deepslate":7,"minecraft:spruce_planks":295,"minecraft:cobblestone_slab":3,"minecraft:spruce_slab":38,"minecraft:poppy":7,"minecraft:iron_pickaxe":1,"minecraft:light_gray_wool":12,"minecraft:chest":30,"minecraft:furnace":6,"minecraft:sandstone":7,"minecraft:stick":2,"minecraft:raw_iron":34,"minecraft:torch":23,"minecraft:spruce_stairs":36,"minecraft:spruce_fence":9,"minecraft:polished_blackstone_bricks":9,"minecraft:diorite":1,"minecraft:dark_oak_planks":48,"minecraft:arrow":6,"minecraft:rotten_flesh":17,"minecraft:saddle":1,"minecraft:green_wool":1,"minecraft:totem_of_undying":5,"minecraft:snowball":139,"minecraft:white_wool":4,"minecraft:cobblestone":1123,"minecraft:oxeye_daisy":1,"minecraft:leather_chestplate":1,"minecraft:basalt":1,"minecraft:water_bucket":1,"minecraft:andesite":3,"minecraft:birch_planks":32,"minecraft:flint":8,"minecraft:gunpowder":2,"minecraft:tuff":12,"minecraft:stripped_spruce_wood":152,"minecraft:cobblestone_wall":5,"minecraft:cobblestone_stairs":4,"minecraft:dirt":799,"minecraft:blue_bed":2,"minecraft:lantern":5,"minecraft:white_banner":4,"minecraft:red_carpet":4,"minecraft:bone":3,"minecraft:wheat_seeds":2,"minecraft:stone_pickaxe":2,"minecraft:bell":1,"minecraft:grindstone":1,"minecraft:iron_ingot":21,"minecraft:oak_planks":50,"minecraft:book":3,"minecraft:oak_slab":11,"minecraft:dandelion":1,"minecraft:gravel":43,"minecraft:sand":5,"minecraft:stripped_spruce_log":51,"minecraft:spruce_sapling":1,"minecraft:white_bed":2,"minecraft:spruce_log":13,"minecraft:spider_eye":1,"minecraft:dark_oak_log":8,"minecraft:spruce_door":5,"minecraft:diamond":12,"minecraft:spruce_boat":3,"minecraft:cracked_polished_blackstone_bricks":9,"minecraft:crossbow":1,"minecraft:granite":17,"minecraft:gray_wool":1,"minecraft:bread":1,"minecraft:emerald":8,"minecraft:coal":52},"minecraft:killed_by":{"minecraft:player":1},"minecraft:killed":{"minecraft:evoker":5,"minecraft:vex":3,"minecraft:vindicator":14,"minecraft:spider":3,"minecraft:skeleton":5,"minecraft:zombie_villager":1,"minecraft:iron_golem":4,"minecraft:ravager":1,"minecraft:creeper":4,"minecraft:pillager":9,"minecraft:zombie":17,"minecraft:villager":2},"minecraft:mined":{"minecraft:dark_oak_planks":76,"minecraft:tuff":12,"minecraft:spruce_planks":258,"minecraft:white_bed":2,"minecraft:deepslate_diamond_ore":12,"minecraft:cobblestone_stairs":4,"minecraft:sculk_vein":2,"minecraft:dark_oak_log":9,"minecraft:glow_lichen":1,"minecraft:granite":17,"minecraft:spruce_fence":9,"minecraft:grass_block":611,"minecraft:cracked_polished_blackstone_bricks":13,"minecraft:redstone_wire":2,"minecraft:spruce_leaves":4,"minecraft:sandstone":9,"minecraft:gilded_blackstone":1,"minecraft:polished_blackstone_bricks":19,"minecraft:furnace":5,"minecraft:iron_ore":16,"minecraft:snow":90,"minecraft:andesite":3,"minecraft:stripped_spruce_log":52,"minecraft:bell":1,"minecraft:bookshelf":1,"minecraft:cobblestone_slab":5,"minecraft:deepslate_iron_ore":3,"minecraft:packed_ice":8,"minecraft:stone":1723,"minecraft:white_wool":4,"minecraft:green_wool":1,"minecraft:spruce_slab":38,"minecraft:oak_slab":12,"minecraft:glass_pane":3,"minecraft:blackstone":8,"minecraft:snow_block":11,"minecraft:basalt":1,"minecraft:spruce_door":1,"minecraft:crafting_table":6,"minecraft:torch":3,"minecraft:poppy":1,"minecraft:chest":30,"minecraft:copper_ore":4,"minecraft:cobblestone":47,"minecraft:grindstone":1,"minecraft:oak_planks":53,"minecraft:diorite":1,"minecraft:blue_bed":2,"minecraft:wall_torch":1,"minecraft:spruce_stairs":36,"minecraft:gray_wool":1,"minecraft:birch_planks":29,"minecraft:cobblestone_wall":7,"minecraft:stripped_spruce_wood":152,"minecraft:lapis_block":1,"minecraft:blue_ice":1,"minecraft:spruce_log":13,"minecraft:light_gray_wool":12,"minecraft:grass":2,"minecraft:coal_ore":18,"minecraft:sand":12,"minecraft:gravel":53,"minecraft:dirt":759,"minecraft:deepslate":7},"minecraft:dropped":{"minecraft:bread":2,"minecraft:diamond_axe":3,"minecraft:cooked_porkchop":9,"minecraft:netherite_chestplate":1,"minecraft:netherite_helmet":1,"minecraft:torch":1,"minecraft:netherite_boots":1,"minecraft:iron_leggings":12,"minecraft:bone":1,"minecraft:stone_axe":1,"minecraft:rotten_flesh":6,"minecraft:totem_of_undying":1,"minecraft:netherite_leggings":1,"minecraft:poppy":5,"minecraft:leather_chestplate":1,"minecraft:stone_pickaxe":1},"minecraft:crafted":{"minecraft:furnace":1,"minecraft:bookshelf":6,"minecraft:diamond_helmet":3,"minecraft:iron_boots":1,"minecraft:diamond_leggings":2,"minecraft:iron_axe":13,"minecraft:stone_pickaxe":14,"minecraft:chest":6,"minecraft:diamond_boots":3,"minecraft:spruce_boat":1,"minecraft:netherite_scrap":1,"minecraft:diamond_sword":2,"minecraft:emerald":73,"minecraft:diamond_axe":6,"minecraft:crafting_table":1,"minecraft:spruce_planks":292,"minecraft:wooden_pickaxe":1,"minecraft:iron_helmet":1,"minecraft:bell":4,"minecraft:bucket":1,"minecraft:stone_axe":1,"minecraft:enchanted_book":15,"minecraft:air":0,"minecraft:iron_chestplate":1,"minecraft:diamond_pickaxe":5,"minecraft:shield":12,"minecraft:stick":20,"minecraft:iron_ingot":14,"minecraft:iron_pickaxe":4,"minecraft:iron_block":3,"minecraft:iron_shovel":3,"minecraft:iron_leggings":12,"minecraft:anvil":1,"minecraft:torch":16,"minecraft:diamond_chestplate":3},"minecraft:used":{"minecraft:netherite_sword":82,"minecraft:flint_and_steel":1,"minecraft:spruce_slab":1,"minecraft:spruce_planks":507,"minecraft:chest":16,"minecraft:bell":1,"minecraft:torch":8,"minecraft:dirt":164,"minecraft:anvil":2,"minecraft:tuff":12,"minecraft:obsidian":14,"minecraft:spruce_boat":3,"minecraft:bookshelf":1,"minecraft:villager_spawn_egg":22,"minecraft:grass_block":1,"minecraft:iron_axe":126,"minecraft:glowstone":9,"minecraft:furnace":3,"minecraft:netherite_pickaxe":116,"minecraft:water_bucket":2,"minecraft:stone_pickaxe":82,"minecraft:oak_planks":4,"minecraft:wooden_pickaxe":10,"minecraft:sandstone":4,"minecraft:diamond_axe":689,"minecraft:blue_bed":6,"minecraft:fletching_table":1,"minecraft:sand":2,"minecraft:crafting_table":7,"minecraft:blast_furnace":2,"minecraft:crossbow":1,"minecraft:white_bed":4,"minecraft:diamond_pickaxe":1713,"minecraft:diamond_shovel":1538,"minecraft:iron_pickaxe":40,"minecraft:lectern":136,"minecraft:spruce_trapdoor":17,"minecraft:spruce_sapling":1,"minecraft:stone_axe":2,"minecraft:diamond_sword":21,"minecraft:cobblestone":28,"minecraft:cooked_porkchop":39,"minecraft:grindstone":1,"minecraft:smithing_table":1,"minecraft:andesite":3,"minecraft:bucket":2},"minecraft:custom":{"minecraft:interact_with_smithing_table":4,"minecraft:mob_kills":69,"minecraft:interact_with_anvil":18,"minecraft:interact_with_crafting_table":27,"minecraft:bell_ring":75,"minecraft:leave_game":3,"minecraft:time_since_death":137997,"minecraft:sprint_one_cm":435319,"minecraft:walk_one_cm":474785,"minecraft:drop":40,"minecraft:talked_to_villager":365,"minecraft:raid_win":1,"minecraft:play_time":200780,"minecraft:deaths":3,"minecraft:sneak_time":7447,"minecraft:walk_under_water_one_cm":5411,"minecraft:boat_one_cm":51795,"minecraft:jump":2511,"minecraft:walk_on_water_one_cm":4384,"minecraft:total_world_time":200780,"minecraft:interact_with_furnace":26,"minecraft:traded_with_villager":171,"minecraft:raid_trigger":1,"minecraft:interact_with_grindstone":5,"minecraft:sleep_in_bed":9,"minecraft:time_since_rest":13628,"minecraft:damage_taken":3274,"minecraft:damage_dealt":20464,"minecraft:player_kills":4,"minecraft:swim_one_cm":8142,"minecraft:fly_one_cm":592406,"minecraft:open_chest":127,"minecraft:crouch_one_cm":28797,"minecraft:fall_one_cm":54006}},"DataVersion":3465}